PRAGMA foreign_keys=OFF;
BEGIN TRANSACTION;
CREATE TABLE IF NOT EXISTS "django_migrations" ("id" integer NOT NULL PRIMARY KEY AUTOINCREMENT, "app" varchar(255) NOT NULL, "name" varchar(255) NOT NULL, "applied" datetime NOT NULL);
INSERT INTO django_migrations VALUES(1,'contenttypes','0001_initial','2023-11-18 08:37:54.681881');
INSERT INTO django_migrations VALUES(2,'auth','0001_initial','2023-11-18 08:37:54.695571');
INSERT INTO django_migrations VALUES(3,'admin','0001_initial','2023-11-18 08:37:54.712086');
INSERT INTO django_migrations VALUES(4,'admin','0002_logentry_remove_auto_add','2023-11-18 08:37:54.721500');
INSERT INTO django_migrations VALUES(5,'admin','0003_logentry_add_action_flag_choices','2023-11-18 08:37:54.726894');
INSERT INTO django_migrations VALUES(6,'contenttypes','0002_remove_content_type_name','2023-11-18 08:37:54.739933');
INSERT INTO django_migrations VALUES(7,'auth','0002_alter_permission_name_max_length','2023-11-18 08:37:54.747610');
INSERT INTO django_migrations VALUES(8,'auth','0003_alter_user_email_max_length','2023-11-18 08:37:54.757795');
INSERT INTO django_migrations VALUES(9,'auth','0004_alter_user_username_opts','2023-11-18 08:37:54.765608');
INSERT INTO django_migrations VALUES(10,'auth','0005_alter_user_last_login_null','2023-11-18 08:37:54.773071');
INSERT INTO django_migrations VALUES(11,'auth','0006_require_contenttypes_0002','2023-11-18 08:37:54.774623');
INSERT INTO django_migrations VALUES(12,'auth','0007_alter_validators_add_error_messages','2023-11-18 08:37:54.780033');
INSERT INTO django_migrations VALUES(13,'auth','0008_alter_user_username_max_length','2023-11-18 08:37:54.787348');
INSERT INTO django_migrations VALUES(14,'auth','0009_alter_user_last_name_max_length','2023-11-18 08:37:54.794523');
INSERT INTO django_migrations VALUES(15,'auth','0010_alter_group_name_max_length','2023-11-18 08:37:54.802081');
INSERT INTO django_migrations VALUES(16,'auth','0011_update_proxy_permissions','2023-11-18 08:37:54.808143');
INSERT INTO django_migrations VALUES(17,'auth','0012_alter_user_first_name_max_length','2023-11-18 08:37:54.816061');
INSERT INTO django_migrations VALUES(18,'loan_products','0001_initial','2023-11-18 08:37:54.818556');
INSERT INTO django_migrations VALUES(19,'sessions','0001_initial','2023-11-18 08:37:54.821676');
INSERT INTO django_migrations VALUES(20,'loan_products','0002_remove_loanproduct_description_and_more','2023-11-18 08:52:22.569630');
INSERT INTO django_migrations VALUES(21,'loan_products','0003_remove_loanproduct_name','2023-11-18 08:52:43.604278');
INSERT INTO django_migrations VALUES(22,'loan_products','0004_alter_loanproduct_product_description','2023-11-18 09:16:05.918360');
CREATE TABLE IF NOT EXISTS "auth_group_permissions" ("id" integer NOT NULL PRIMARY KEY AUTOINCREMENT, "group_id" integer NOT NULL REFERENCES "auth_group" ("id") DEFERRABLE INITIALLY DEFERRED, "permission_id" integer NOT NULL REFERENCES "auth_permission" ("id") DEFERRABLE INITIALLY DEFERRED);
CREATE TABLE IF NOT EXISTS "auth_user_groups" ("id" integer NOT NULL PRIMARY KEY AUTOINCREMENT, "user_id" integer NOT NULL REFERENCES "auth_user" ("id") DEFERRABLE INITIALLY DEFERRED, "group_id" integer NOT NULL REFERENCES "auth_group" ("id") DEFERRABLE INITIALLY DEFERRED);
CREATE TABLE IF NOT EXISTS "auth_user_user_permissions" ("id" integer NOT NULL PRIMARY KEY AUTOINCREMENT, "user_id" integer NOT NULL REFERENCES "auth_user" ("id") DEFERRABLE INITIALLY DEFERRED, "permission_id" integer NOT NULL REFERENCES "auth_permission" ("id") DEFERRABLE INITIALLY DEFERRED);
CREATE TABLE IF NOT EXISTS "django_admin_log" ("id" integer NOT NULL PRIMARY KEY AUTOINCREMENT, "object_id" text NULL, "object_repr" varchar(200) NOT NULL, "action_flag" smallint unsigned NOT NULL CHECK ("action_flag" >= 0), "change_message" text NOT NULL, "content_type_id" integer NULL REFERENCES "django_content_type" ("id") DEFERRABLE INITIALLY DEFERRED, "user_id" integer NOT NULL REFERENCES "auth_user" ("id") DEFERRABLE INITIALLY DEFERRED, "action_time" datetime NOT NULL);
CREATE TABLE IF NOT EXISTS "django_content_type" ("id" integer NOT NULL PRIMARY KEY AUTOINCREMENT, "app_label" varchar(100) NOT NULL, "model" varchar(100) NOT NULL);
INSERT INTO django_content_type VALUES(1,'admin','logentry');
INSERT INTO django_content_type VALUES(2,'auth','permission');
INSERT INTO django_content_type VALUES(3,'auth','group');
INSERT INTO django_content_type VALUES(4,'auth','user');
INSERT INTO django_content_type VALUES(5,'contenttypes','contenttype');
INSERT INTO django_content_type VALUES(6,'sessions','session');
INSERT INTO django_content_type VALUES(7,'loan_products','loanproduct');
CREATE TABLE IF NOT EXISTS "auth_permission" ("id" integer NOT NULL PRIMARY KEY AUTOINCREMENT, "content_type_id" integer NOT NULL REFERENCES "django_content_type" ("id") DEFERRABLE INITIALLY DEFERRED, "codename" varchar(100) NOT NULL, "name" varchar(255) NOT NULL);
INSERT INTO auth_permission VALUES(1,1,'add_logentry','Can add log entry');
INSERT INTO auth_permission VALUES(2,1,'change_logentry','Can change log entry');
INSERT INTO auth_permission VALUES(3,1,'delete_logentry','Can delete log entry');
INSERT INTO auth_permission VALUES(4,1,'view_logentry','Can view log entry');
INSERT INTO auth_permission VALUES(5,2,'add_permission','Can add permission');
INSERT INTO auth_permission VALUES(6,2,'change_permission','Can change permission');
INSERT INTO auth_permission VALUES(7,2,'delete_permission','Can delete permission');
INSERT INTO auth_permission VALUES(8,2,'view_permission','Can view permission');
INSERT INTO auth_permission VALUES(9,3,'add_group','Can add group');
INSERT INTO auth_permission VALUES(10,3,'change_group','Can change group');
INSERT INTO auth_permission VALUES(11,3,'delete_group','Can delete group');
INSERT INTO auth_permission VALUES(12,3,'view_group','Can view group');
INSERT INTO auth_permission VALUES(13,4,'add_user','Can add user');
INSERT INTO auth_permission VALUES(14,4,'change_user','Can change user');
INSERT INTO auth_permission VALUES(15,4,'delete_user','Can delete user');
INSERT INTO auth_permission VALUES(16,4,'view_user','Can view user');
INSERT INTO auth_permission VALUES(17,5,'add_contenttype','Can add content type');
INSERT INTO auth_permission VALUES(18,5,'change_contenttype','Can change content type');
INSERT INTO auth_permission VALUES(19,5,'delete_contenttype','Can delete content type');
INSERT INTO auth_permission VALUES(20,5,'view_contenttype','Can view content type');
INSERT INTO auth_permission VALUES(21,6,'add_session','Can add session');
INSERT INTO auth_permission VALUES(22,6,'change_session','Can change session');
INSERT INTO auth_permission VALUES(23,6,'delete_session','Can delete session');
INSERT INTO auth_permission VALUES(24,6,'view_session','Can view session');
INSERT INTO auth_permission VALUES(25,7,'add_loanproduct','Can add loan product');
INSERT INTO auth_permission VALUES(26,7,'change_loanproduct','Can change loan product');
INSERT INTO auth_permission VALUES(27,7,'delete_loanproduct','Can delete loan product');
INSERT INTO auth_permission VALUES(28,7,'view_loanproduct','Can view loan product');
CREATE TABLE IF NOT EXISTS "auth_group" ("id" integer NOT NULL PRIMARY KEY AUTOINCREMENT, "name" varchar(150) NOT NULL UNIQUE);
CREATE TABLE IF NOT EXISTS "auth_user" ("id" integer NOT NULL PRIMARY KEY AUTOINCREMENT, "password" varchar(128) NOT NULL, "last_login" datetime NULL, "is_superuser" bool NOT NULL, "username" varchar(150) NOT NULL UNIQUE, "last_name" varchar(150) NOT NULL, "email" varchar(254) NOT NULL, "is_staff" bool NOT NULL, "is_active" bool NOT NULL, "date_joined" datetime NOT NULL, "first_name" varchar(150) NOT NULL);
INSERT INTO auth_user VALUES(1,'pbkdf2_sha256$600000$BCax0Et8UZbv7xNbPLX1hK$hxmX6rk3DHQiV0dO51Dd9CGR7f5aKM66+ALqKjYAnJg=','2023-11-18 09:36:17.585033',0,'admin','','',0,1,'2023-11-18 09:36:17.174311','');
INSERT INTO auth_user VALUES(2,'pbkdf2_sha256$600000$nwfinmm8McxXyEGMYZD48r$npr4NByT9pEpyS337j4E3FsrsV8DDlAS4asV0Ur2+eY=','2023-11-21 12:32:25.447010',0,'feta','','',0,1,'2023-11-20 14:46:50.435412','');
INSERT INTO auth_user VALUES(3,'pbkdf2_sha256$600000$xNuAka0l5vQY6EN0sRWfPC$kmHHdsTdxCgs9tmTofbUjT35TCW/Q+QLac5/zQH5omE=','2023-11-21 12:41:42.315780',1,'mac','','mac@gmail.com',1,1,'2023-11-21 12:34:22.153005','');
INSERT INTO auth_user VALUES(4,'pbkdf2_sha256$600000$sdc9QttRdSCHnBBC69IT9e$ZbERbhhYM85iEhV8VRlFh8aF9tqTK95KRy2ZVarvrKI=','2023-11-22 19:52:12.173814',0,'Deven','','',0,1,'2023-11-22 19:42:21.859923','');
CREATE TABLE IF NOT EXISTS "django_session" ("session_key" varchar(40) NOT NULL PRIMARY KEY, "session_data" text NOT NULL, "expire_date" datetime NOT NULL);
INSERT INTO django_session VALUES('hb93pswrzf2a789xoj484ef7avnfmdj0','.eJxVjEEOwiAQAP_C2RCgZQGP3n0DWditVA1NSnsy_l1JetDrzGReIuK-lbg3XuNM4iy0OP2yhPnBtQu6Y70tMi91W-ckeyIP2-R1IX5ejvZvULCVvgVWyhhNxqC34CGM4DOGwWXHQOyJMdBkFQUYPEweYSRm-02SzsqJ9wfLmTfs:1r4HkP:cyhF1Kx3MzuwBncMArHHQuaOKEKpcCddxPKzQ5STV9A','2023-12-02 09:36:17.586517');
INSERT INTO django_session VALUES('1jauecaz0jz25bafsufru3ytd68i1sal','.eJxVjMsOwiAUBf-FtSFcEQSX7v0Gwn1UqgaS0q6M_26bdKHbMzPnrVJe5pKWLlMaWV2UVYffDTM9pW6AH7nem6ZW52lEvSl6p13fGsvrurt_ByX3stYRgUK0aIA4uMxRwBkGOIqIx2GwDiw5dOYEJgdeXc-GomXyGII9q88X7Xc4AA:1r5Q1J:d4Hgp8duC1NiH9LtwpbCtk9pJZHqkPv0kkOmrVf_xTw','2023-12-05 12:38:25.492296');
INSERT INTO django_session VALUES('ah9v2j4yvrs4kp9bynaskeg2n0qn1kx9','.eJxVjDsOwjAQRO_iGlmJ_6akzxmstXeNA8iW4qRC3J1ESgHSVPPezJsF2NYStk5LmJFdmWKX3y5CelI9AD6g3htPra7LHPmh8JN2PjWk1-10_w4K9LKvDUWnfLYe9-TRRJsogtHOEaRMSY55GFAoQG1IohNO5ug1kRLaep_Z5wsN4jjC:1r5tGe:VtDp0_SkvCI32ODwvnAIYYhxUkYG6FDueMvCsnJE95k','2023-12-06 19:52:12.175254');
CREATE TABLE IF NOT EXISTS "loan_product" ("id" integer NOT NULL PRIMARY KEY AUTOINCREMENT, "product_name" varchar(100) NOT NULL, "product_description" text NOT NULL);
INSERT INTO loan_product VALUES(5,'product name','this is a product description');
INSERT INTO loan_product VALUES(6,'this is another product','this is a nother description');
DELETE FROM sqlite_sequence;
INSERT INTO sqlite_sequence VALUES('django_migrations',22);
INSERT INTO sqlite_sequence VALUES('django_admin_log',0);
INSERT INTO sqlite_sequence VALUES('django_content_type',7);
INSERT INTO sqlite_sequence VALUES('auth_permission',28);
INSERT INTO sqlite_sequence VALUES('auth_group',0);
INSERT INTO sqlite_sequence VALUES('auth_user',4);
INSERT INTO sqlite_sequence VALUES('loan_product',7);
CREATE UNIQUE INDEX "auth_group_permissions_group_id_permission_id_0cd325b0_uniq" ON "auth_group_permissions" ("group_id", "permission_id");
CREATE INDEX "auth_group_permissions_group_id_b120cbf9" ON "auth_group_permissions" ("group_id");
CREATE INDEX "auth_group_permissions_permission_id_84c5c92e" ON "auth_group_permissions" ("permission_id");
CREATE UNIQUE INDEX "auth_user_groups_user_id_group_id_94350c0c_uniq" ON "auth_user_groups" ("user_id", "group_id");
CREATE INDEX "auth_user_groups_user_id_6a12ed8b" ON "auth_user_groups" ("user_id");
CREATE INDEX "auth_user_groups_group_id_97559544" ON "auth_user_groups" ("group_id");
CREATE UNIQUE INDEX "auth_user_user_permissions_user_id_permission_id_14a6b632_uniq" ON "auth_user_user_permissions" ("user_id", "permission_id");
CREATE INDEX "auth_user_user_permissions_user_id_a95ead1b" ON "auth_user_user_permissions" ("user_id");
CREATE INDEX "auth_user_user_permissions_permission_id_1fbb5f2c" ON "auth_user_user_permissions" ("permission_id");
CREATE INDEX "django_admin_log_content_type_id_c4bce8eb" ON "django_admin_log" ("content_type_id");
CREATE INDEX "django_admin_log_user_id_c564eba6" ON "django_admin_log" ("user_id");
CREATE UNIQUE INDEX "django_content_type_app_label_model_76bd3d3b_uniq" ON "django_content_type" ("app_label", "model");
CREATE UNIQUE INDEX "auth_permission_content_type_id_codename_01ab375a_uniq" ON "auth_permission" ("content_type_id", "codename");
CREATE INDEX "auth_permission_content_type_id_2f476e4b" ON "auth_permission" ("content_type_id");
CREATE INDEX "django_session_expire_date_a5c62663" ON "django_session" ("expire_date");
COMMIT;
